{"Xb":{"w":[1.0,2.0,2.0,2.0,2.0,3.0,3.0,4.0],"x":[0.0,1.0,2.0,2.0,2.0,2.0,3.0,3.0],"y":[0.1666666716337204,1.3333333730697632,2.1666667461395264,2.0,2.0,2.1666667461395264,3.1666667461395264,3.1666667461395264],"z":[0.6666666269302368,1.8333333730697632,2.0,2.0,1.8333333730697632,2.8333332538604736,2.8333332538604736,3.8333332538604736]},"Yb":{"w":[1.0,2.0,2.0,2.0,2.0,3.0,3.0,4.0],"x":[0.0,1.0,2.0,2.0,2.0,2.0,3.0,3.0],"y":[0.1666666716337204,1.3333333730697632,2.1666667461395264,2.0,2.0,2.1666667461395264,3.1666667461395264,3.1666667461395264],"z":[0.6666666269302368,1.8333333730697632,2.0,2.0,1.8333333730697632,2.8333332538604736,2.8333332538604736,3.8333332538604736]},"Zb":{"w":[-0.5,-1.0,-2.0,-3.0,-4.0,-4.0,-5.0,-6.0],"x":[-0.0,-0.5,-1.0,-2.0,-3.0,-4.0,-4.0,-5.0],"y":[-0.0833333358168602,-0.6666666865348816,-1.25,-2.3333332538604736,-3.3333332538604736,-4.166666507720947,-4.166666507720947,-5.333333492279053],"z":[-0.3333333134651184,-0.75,-1.6666666269302368,-2.6666667461395264,-3.8333332538604736,-3.8333332538604736,-4.666666507720947,-5.833333492279053]}}